,PassengerId,Survived,Pclass,Age,SibSp,Parch,Fare,Tamaño Familia
count,183.0,183.0,183.0,183.0,183.0,183.0,183.0,183.0
mean,455.3661202185792,0.6721311475409836,1.1912568306010929,35.66120218579235,0.4644808743169399,0.47540983606557374,78.68246885245901,0.9398907103825137
std,247.05247551692418,0.470724650928261,0.5151869975715831,15.654054443652294,0.6441585604537331,0.7546170860086094,76.34784270040574,1.1102390540874176
min,2.0,0.0,1.0,0.0,0.0,0.0,0.0,0.0
25%,263.5,0.0,1.0,24.0,0.0,0.0,29.7,0.0
50%,457.0,1.0,1.0,36.0,0.0,0.0,57.0,1.0
75%,676.0,1.0,1.0,47.5,1.0,1.0,90.0,1.0
max,890.0,1.0,3.0,80.0,3.0,4.0,512.3292,5.0
